episode,moving_avg_200
199,6.25
398,7.29
597,6.35
796,6.94
995,6.33
1194,6.97
1393,7.14
1592,6.71
1791,6.61
1990,7.14
2189,5.61
2388,7.01
2587,5.41
2786,6.58
2985,6.42
3184,6.96
3383,7.57
3582,6.61
3781,6.32
3980,6.31
4179,7.09
4378,6.75
4577,6.88
4776,7.49
4975,8.47
5174,6.73
5373,6.1
5572,6.87
5771,7.63
5970,6.38
6169,6.87
6368,6.44
6567,6.63
6766,7.59
6965,6.76
7164,7.08
7363,6.93
7562,8.06
7761,6.97
7960,6.88
8159,7.23
8358,5.91
8557,6.68
8756,7.48
8955,6.83
9154,6.38
9353,6.26
9552,6.92
9751,6.53
9950,6.66
10149,7.22
10348,6.99
10547,7.02
10746,6.92
10945,7.65
11144,5.94
11343,6.95
11542,8.16
11741,6.64
11940,6.59
12139,7.12
12338,7.45
12537,7.58
12736,6.57
12935,7.45
13134,5.77
13333,5.62
13532,6.99
13731,6.28
13930,7.04
14129,7.85
14328,7.1
14527,6.75
14726,6.81
14925,7.71
15124,6.79
15323,7.3
15522,8.12
15721,7.53
15920,6.91
16119,6.29
16318,6.42
16517,6.69
16716,6.9
16915,7.55
17114,6.84
17313,8.16
17512,6.86
17711,6.6
17910,6.78
18109,6.33
18308,7.52
18507,7.5
18706,6.21
18905,7.82
19104,6.86
19303,7.79
19502,6.42
19701,6.42
19900,5.76
20099,6.97
20298,7.11
20497,6.03
20696,7.49
20895,7.62
21094,7.27
21293,6.33
21492,6.45
21691,6.26
21890,7.01
22089,7.08
22288,7.57
22487,6.56
22686,6.99
22885,5.64
23084,6.82
23283,6.31
23482,7.59
23681,8.03
23880,6.86
24079,6.95
24278,7.84
24477,7.08
24676,7.45
24875,6.64
25074,5.95
25273,6.7
25472,9.03
25671,5.91
25870,6.47
26069,7.95
26268,6.79
26467,7.01
26666,7.07
26865,6.65
27064,7.2
27263,7.28
27462,7.79
27661,6.88
27860,6.49
28059,6.8
28258,6.62
28457,6.56
28656,6.8
28855,8.18
29054,6.67
29253,6.91
29452,7.96
29651,6.77
29850,6.97
30049,6.47
30248,7.8
30447,6.94
30646,7.07
30845,7.4
31044,7.44
31243,7.93
31442,7.1
31641,6.55
31840,7.76
32039,6.61
32238,6.18
32437,7.38
32636,7.75
32835,6.37
33034,6.52
33233,6.92
33432,6.21
33631,7.4
33830,6.28
34029,6.96
34228,7.52
34427,7.62
34626,7.21
34825,7.73
35024,7.93
35223,8.0
35422,7.11
35621,6.77
35820,7.94
36019,6.32
36218,7.62
36417,6.3
36616,7.27
36815,7.88
37014,6.55
37213,6.44
37412,8.57
37611,6.91
37810,6.51
38009,6.15
38208,6.8
38407,8.0
38606,8.11
38805,6.85
39004,7.1
39203,7.99
39402,7.16
39601,8.21
39800,7.34
39999,6.89
40198,7.0
40397,7.59
40596,8.02
40795,8.54
40994,7.26
41193,7.78
41392,6.83
41591,6.75
41790,7.33
41989,8.06
42188,7.46
42387,6.65
42586,6.83
42785,5.56
42984,7.24
43183,6.91
43382,7.74
43581,8.08
43780,7.44
43979,6.96
44178,6.93
44377,6.3
44576,7.53
44775,8.31
44974,6.97
45173,6.98
45372,7.03
45571,7.55
45770,7.4
45969,7.7
46168,6.58
46367,8.63
46566,7.17
46765,8.2
46964,6.71
47163,8.16
47362,7.64
47561,7.22
47760,8.29
47959,7.43
48158,7.23
48357,7.23
48556,8.62
48755,7.52
48954,6.91
49153,8.04
49352,7.8
49551,8.64
49750,6.6
49949,7.11
50148,7.22
50347,9.07
50546,8.0
50745,7.99
50944,7.13
51143,7.52
51342,8.17
51541,7.53
51740,6.86
51939,9.14
52138,8.16
52337,7.03
52536,6.37
52735,7.2
52934,7.23
53133,8.34
53332,7.0
53531,7.56
53730,7.42
53929,7.72
54128,7.29
54327,7.4
54526,7.59
54725,7.32
54924,7.94
55123,7.4
55322,7.72
55521,7.56
55720,9.11
55919,7.33
56118,8.25
56317,8.71
56516,8.64
56715,7.06
56914,8.32
57113,6.16
57312,7.47
57511,8.67
57710,8.39
57909,7.64
58108,7.65
58307,6.54
58506,8.06
58705,7.7
58904,7.25
59103,7.29
59302,8.32
59501,7.94
59700,7.28
59899,7.22
60098,7.07
60297,8.6
60496,6.98
60695,8.52
60894,8.68
61093,7.85
61292,7.95
61491,6.83
61690,7.03
61889,8.05
62088,7.44
62287,6.89
62486,7.25
62685,7.22
62884,7.78
63083,8.17
63282,8.94
63481,8.53
63680,7.52
63879,8.53
64078,6.81
64277,7.4
64476,8.98
64675,6.96
64874,7.92
65073,7.93
65272,9.15
65471,8.14
65670,8.77
65869,6.12
66068,8.37
66267,8.51
66466,7.9
66665,6.92
66864,8.1
67063,7.88
67262,7.98
67461,8.7
67660,7.12
67859,6.38
68058,8.18
68257,8.08
68456,8.08
68655,7.39
68854,7.61
69053,8.05
69252,7.98
69451,8.1
69650,9.45
69849,8.41
70048,8.05
70247,8.38
70446,8.08
70645,8.86
70844,8.81
71043,8.71
71242,8.91
71441,7.21
71640,7.18
71839,7.52
72038,7.87
72237,7.71
72436,7.55
72635,8.45
72834,7.83
73033,7.21
73232,8.23
73431,7.82
73630,8.18
73829,7.71
74028,7.34
74227,8.17
74426,6.67
74625,8.43
74824,7.1
75023,8.17
75222,8.29
75421,7.54
75620,7.82
75819,7.54
76018,7.52
76217,8.51
76416,7.87
76615,6.7
76814,8.45
77013,8.89
77212,7.14
77411,8.39
77610,7.61
77809,8.78
78008,8.33
78207,8.61
78406,7.99
78605,8.46
78804,8.58
79003,7.91
79202,8.34
79401,8.48
79600,8.81
79799,8.07
79998,8.37
80197,7.61
80396,7.91
80595,7.96
80794,9.15
80993,8.0
81192,8.77
81391,8.01
81590,7.85
81789,7.89
81988,9.09
82187,7.81
82386,9.77
82585,7.92
82784,8.8
82983,7.56
83182,10.71
83381,8.85
83580,7.68
83779,7.72
83978,7.19
84177,7.53
84376,8.53
84575,8.51
84774,8.69
84973,7.61
85172,8.6
85371,7.61
85570,7.86
85769,8.63
85968,8.93
86167,8.19
86366,8.78
86565,8.94
86764,7.81
86963,9.11
87162,8.94
87361,7.91
87560,7.2
87759,7.21
87958,7.92
88157,8.69
88356,8.4
88555,7.46
88754,8.01
88953,8.66
89152,8.12
89351,8.88
89550,9.29
89749,8.24
89948,8.08
90147,8.16
90346,8.27
90545,9.37
90744,9.3
90943,9.24
91142,8.76
91341,8.35
91540,9.03
91739,10.04
91938,7.23
92137,7.64
92336,8.51
92535,8.49
92734,9.67
92933,8.22
93132,8.25
93331,9.14
93530,8.12
93729,8.44
93928,8.49
94127,8.47
94326,8.65
94525,8.25
94724,8.06
94923,9.91
95122,8.28
95321,9.39
95520,8.6
95719,9.11
95918,9.01
96117,8.85
96316,9.53
96515,7.66
96714,8.46
96913,8.88
97112,9.37
97311,8.12
97510,8.58
97709,8.76
97908,8.39
98107,8.81
98306,8.84
98505,8.83
98704,8.55
98903,9.82
99102,7.88
99301,9.5
99500,7.36
99699,9.89
99898,8.57
99999,8.56
