agent,episode_index,seed,score
search_d0_eg4,0,1,150.0
search_d0_eg4,1,2,155.0
search_d0_eg4,2,3,144.0
search_d0_eg4,3,4,221.0
search_d0_eg4,4,5,150.0
search_d0_eg4,5,6,221.0
search_d0_eg4,6,7,176.0
search_d0_eg4,7,8,154.0
search_d0_eg4,8,9,182.0
search_d0_eg4,9,10,162.0
search_d0_eg4,10,11,144.0
search_d0_eg4,11,12,170.0
search_d0_eg4,12,13,169.0
search_d0_eg4,13,14,163.0
search_d0_eg4,14,15,185.0
search_d0_eg4,15,16,171.0
search_d0_eg4,16,17,126.0
search_d0_eg4,17,18,174.0
search_d0_eg4,18,19,153.0
search_d0_eg4,19,20,126.0
search_d0_eg4,20,21,191.0
search_d0_eg4,21,22,140.0
search_d0_eg4,22,23,168.0
search_d0_eg4,23,24,118.0
search_d0_eg4,24,25,167.0
search_d0_eg4,25,26,156.0
search_d0_eg4,26,27,142.0
search_d0_eg4,27,28,179.0
search_d0_eg4,28,29,139.0
search_d0_eg4,29,30,202.0
search_d0_eg4,30,31,165.0
search_d0_eg4,31,32,157.0
search_d0_eg4,32,33,160.0
search_d0_eg4,33,34,172.0
search_d0_eg4,34,35,170.0
search_d0_eg4,35,36,145.0
search_d0_eg4,36,37,179.0
search_d0_eg4,37,38,159.0
search_d0_eg4,38,39,145.0
search_d0_eg4,39,40,163.0
search_d0_eg4,40,41,148.0
search_d0_eg4,41,42,176.0
search_d0_eg4,42,43,146.0
search_d0_eg4,43,44,144.0
search_d0_eg4,44,45,154.0
search_d0_eg4,45,46,147.0
search_d0_eg4,46,47,133.0
search_d0_eg4,47,48,143.0
search_d0_eg4,48,49,130.0
search_d0_eg4,49,50,139.0
search_d0_eg4,50,51,170.0
search_d0_eg4,51,52,185.0
search_d0_eg4,52,53,163.0
search_d0_eg4,53,54,142.0
search_d0_eg4,54,55,159.0
search_d0_eg4,55,56,122.0
search_d0_eg4,56,57,188.0
search_d0_eg4,57,58,175.0
search_d0_eg4,58,59,125.0
search_d0_eg4,59,60,220.0
search_d0_eg4,60,61,183.0
search_d0_eg4,61,62,168.0
search_d0_eg4,62,63,114.0
search_d0_eg4,63,64,109.0
search_d0_eg4,64,65,154.0
search_d0_eg4,65,66,200.0
search_d0_eg4,66,67,149.0
search_d0_eg4,67,68,186.0
search_d0_eg4,68,69,141.0
search_d0_eg4,69,70,167.0
search_d0_eg4,70,71,107.0
search_d0_eg4,71,72,176.0
search_d0_eg4,72,73,218.0
search_d0_eg4,73,74,156.0
search_d0_eg4,74,75,137.0
search_d0_eg4,75,76,156.0
search_d0_eg4,76,77,104.0
search_d0_eg4,77,78,173.0
search_d0_eg4,78,79,133.0
search_d0_eg4,79,80,104.0
search_d0_eg4,80,81,145.0
search_d0_eg4,81,82,189.0
search_d0_eg4,82,83,150.0
search_d0_eg4,83,84,142.0
search_d0_eg4,84,85,224.0
search_d0_eg4,85,86,123.0
search_d0_eg4,86,87,124.0
search_d0_eg4,87,88,187.0
search_d0_eg4,88,89,137.0
search_d0_eg4,89,90,194.0
search_d0_eg4,90,91,173.0
search_d0_eg4,91,92,125.0
search_d0_eg4,92,93,161.0
search_d0_eg4,93,94,171.0
search_d0_eg4,94,95,142.0
search_d0_eg4,95,96,140.0
search_d0_eg4,96,97,173.0
search_d0_eg4,97,98,171.0
search_d0_eg4,98,99,122.0
search_d0_eg4,99,100,160.0
search_d0_eg4,100,101,187.0
search_d0_eg4,101,102,208.0
search_d0_eg4,102,103,152.0
search_d0_eg4,103,104,93.0
search_d0_eg4,104,105,93.0
search_d0_eg4,105,106,244.0
search_d0_eg4,106,107,232.0
search_d0_eg4,107,108,190.0
search_d0_eg4,108,109,172.0
search_d0_eg4,109,110,132.0
search_d0_eg4,110,111,158.0
search_d0_eg4,111,112,159.0
search_d0_eg4,112,113,159.0
search_d0_eg4,113,114,150.0
search_d0_eg4,114,115,179.0
search_d0_eg4,115,116,157.0
search_d0_eg4,116,117,189.0
search_d0_eg4,117,118,166.0
search_d0_eg4,118,119,153.0
search_d0_eg4,119,120,140.0
search_d0_eg4,120,121,152.0
search_d0_eg4,121,122,147.0
search_d0_eg4,122,123,167.0
search_d0_eg4,123,124,86.0
search_d0_eg4,124,125,157.0
search_d0_eg4,125,126,160.0
search_d0_eg4,126,127,170.0
search_d0_eg4,127,128,188.0
search_d0_eg4,128,129,150.0
search_d0_eg4,129,130,153.0
search_d0_eg4,130,131,152.0
search_d0_eg4,131,132,167.0
search_d0_eg4,132,133,148.0
search_d0_eg4,133,134,140.0
search_d0_eg4,134,135,118.0
search_d0_eg4,135,136,190.0
search_d0_eg4,136,137,213.0
search_d0_eg4,137,138,135.0
search_d0_eg4,138,139,169.0
search_d0_eg4,139,140,121.0
search_d0_eg4,140,141,111.0
search_d0_eg4,141,142,154.0
search_d0_eg4,142,143,100.0
search_d0_eg4,143,144,192.0
search_d0_eg4,144,145,154.0
search_d0_eg4,145,146,178.0
search_d0_eg4,146,147,195.0
search_d0_eg4,147,148,164.0
search_d0_eg4,148,149,199.0
search_d0_eg4,149,150,125.0
search_d0_eg4,150,151,134.0
search_d0_eg4,151,152,137.0
search_d0_eg4,152,153,135.0
search_d0_eg4,153,154,183.0
search_d0_eg4,154,155,159.0
search_d0_eg4,155,156,149.0
search_d0_eg4,156,157,134.0
search_d0_eg4,157,158,134.0
search_d0_eg4,158,159,145.0
search_d0_eg4,159,160,166.0
search_d0_eg4,160,161,223.0
search_d0_eg4,161,162,168.0
search_d0_eg4,162,163,115.0
search_d0_eg4,163,164,214.0
search_d0_eg4,164,165,146.0
search_d0_eg4,165,166,121.0
search_d0_eg4,166,167,176.0
search_d0_eg4,167,168,169.0
search_d0_eg4,168,169,154.0
search_d0_eg4,169,170,130.0
search_d0_eg4,170,171,134.0
search_d0_eg4,171,172,205.0
search_d0_eg4,172,173,184.0
search_d0_eg4,173,174,188.0
search_d0_eg4,174,175,143.0
search_d0_eg4,175,176,170.0
search_d0_eg4,176,177,134.0
search_d0_eg4,177,178,142.0
search_d0_eg4,178,179,188.0
search_d0_eg4,179,180,208.0
search_d0_eg4,180,181,213.0
search_d0_eg4,181,182,158.0
search_d0_eg4,182,183,104.0
search_d0_eg4,183,184,135.0
search_d0_eg4,184,185,88.0
search_d0_eg4,185,186,164.0
search_d0_eg4,186,187,184.0
search_d0_eg4,187,188,202.0
search_d0_eg4,188,189,152.0
search_d0_eg4,189,190,118.0
search_d0_eg4,190,191,190.0
search_d0_eg4,191,192,157.0
search_d0_eg4,192,193,146.0
search_d0_eg4,193,194,159.0
search_d0_eg4,194,195,177.0
search_d0_eg4,195,196,200.0
search_d0_eg4,196,197,134.0
search_d0_eg4,197,198,172.0
search_d0_eg4,198,199,192.0
search_d0_eg4,199,200,166.0
